{"train/avg_loss":1.5823702085908689,"_runtime":10360.415335,"_step":15412,"baseline/median_c":1.100000023841858,"_wandb":{"runtime":10360},"baseline/smoothl1":5.170804868951772,"_timestamp":1.769480275587698e+09,"train/batch_loss":0.6106350421905518}