{"train/var_ratio_pred_to_y":0.9874061900852756,"_step":15412,"baseline/median_c":1.100000023841858,"_timestamp":1.769490972500865e+09,"train/y_mean":5.016879558563232,"_wandb":{"runtime":12471},"train/avg_loss":1.5801163413275539,"train/batch_loss":0.5264396667480469,"train/y_std":14.995141323297492,"train/pred_std":14.900419170448801,"_runtime":12471.775449,"baseline/smoothl1":5.170804868951772,"train/y_var":224.85426330566406}