{"train/y_mean":5.016879558563232,"train/var_ratio_pred_to_y":0.9990971799835855,"train/y_var":224.85426330566406,"train/pred_std":14.988370837952221,"baseline/median_c":1.100000023841858,"train/avg_loss":1.5824945732160716,"train/y_std":14.995141323297492,"_runtime":9869.932331,"baseline/smoothl1":5.170804868951772,"_timestamp":1.7695115590968032e+09,"_step":15412,"train/batch_loss":0.5490235686302185,"_wandb":{"runtime":9869}}