{"_runtime":1095.364224,"train/y_std":20.763396936526306,"train/avg_loss":2.763762874032458,"baseline/median_c":1.101388931274414,"_step":2810,"train/var_ratio_pred_to_y":0.4558618184773205,"train/y_var":431.11865234375,"_timestamp":1.7695506503675609e+09,"train/pred_std":14.018934796799437,"train/y_mean":6.103557586669922,"baseline/val_smoothl1":5.155034693123771,"train/batch_loss":2.0750279426574707,"_wandb":{"runtime":1095}}